Datetime,Water Level (m)
2026-04-25 00:00:00,0.6165027
2026-04-25 01:00:00,0.65368104
2026-04-25 02:00:00,0.5025745
2026-04-25 03:00:00,0.22238699
2026-04-25 04:00:00,-0.21614566
2026-04-25 05:00:00,-0.6356403
2026-04-25 06:00:00,-0.92022926
2026-04-25 07:00:00,-0.9280258
2026-04-25 08:00:00,-0.6746603
2026-04-25 09:00:00,-0.28594777
2026-04-25 10:00:00,0.21300383
2026-04-25 11:00:00,0.6787539
2026-04-25 12:00:00,0.9862344
2026-04-25 13:00:00,1.0699731
2026-04-25 14:00:00,0.91300535
2026-04-25 15:00:00,0.6200309
2026-04-25 16:00:00,0.1216778
2026-04-25 17:00:00,-0.44836974
2026-04-25 18:00:00,-0.99646556
2026-04-25 19:00:00,-1.36448
2026-04-25 20:00:00,-1.4139378
2026-04-25 21:00:00,-1.1451167
2026-04-25 22:00:00,-0.6606713
2026-04-25 23:00:00,-0.05118756
2026-04-26 00:00:00,0.46749043
2026-04-26 01:00:00,0.8521071
2026-04-26 02:00:00,0.9665536
2026-04-26 03:00:00,0.8192599
2026-04-26 04:00:00,0.5060923
2026-04-26 05:00:00,0.041572656
2026-04-26 06:00:00,-0.4515457
2026-04-26 07:00:00,-0.8611687
2026-04-26 08:00:00,-1.0443499
2026-04-26 09:00:00,-0.92980194
2026-04-26 10:00:00,-0.568991
2026-04-26 11:00:00,-0.004592981
2026-04-26 12:00:00,0.5756952
2026-04-26 13:00:00,1.0195944
2026-04-26 14:00:00,1.2158723
2026-04-26 15:00:00,1.0932883
2026-04-26 16:00:00,0.7434232
2026-04-26 17:00:00,0.24123187
2026-04-26 18:00:00,-0.37067246
2026-04-26 19:00:00,-0.9422235
2026-04-26 20:00:00,-1.3519111
2026-04-26 21:00:00,-1.4452419
2026-04-26 22:00:00,-1.1372896
2026-04-26 23:00:00,-0.5500542
2026-04-27 00:00:00,0.14867707
2026-04-27 01:00:00,0.71218073
2026-04-27 02:00:00,1.1361586
2026-04-27 03:00:00,1.2526492
2026-04-27 04:00:00,1.0388572
2026-04-27 05:00:00,0.65954256
2026-04-27 06:00:00,0.11786363
2026-04-27 07:00:00,-0.46141094
2026-04-27 08:00:00,-0.9637206
2026-04-27 09:00:00,-1.1763759
2026-04-27 10:00:00,-0.9930955
2026-04-27 11:00:00,-0.5052175
2026-04-27 12:00:00,0.20847891
2026-04-27 13:00:00,0.8000221
2026-04-27 14:00:00,1.1966068
2026-04-27 15:00:00,1.3855429
2026-04-27 16:00:00,1.2416859
2026-04-27 17:00:00,0.87382495
2026-04-27 18:00:00,0.27954137
2026-04-27 19:00:00,-0.39890143
2026-04-27 20:00:00,-1.0513505
2026-04-27 21:00:00,-1.4959898
2026-04-27 22:00:00,-1.5472133
2026-04-27 23:00:00,-1.0798566
2026-04-28 00:00:00,-0.32393098
2026-04-28 01:00:00,0.44033206
2026-04-28 02:00:00,1.0405829
2026-04-28 03:00:00,1.428086
2026-04-28 04:00:00,1.5018508
2026-04-28 05:00:00,1.1843646
2026-04-28 06:00:00,0.7091297
2026-04-28 07:00:00,0.04901457
2026-04-28 08:00:00,-0.5940071
2026-04-28 09:00:00,-1.1049758
2026-04-28 10:00:00,-1.3278351
2026-04-28 11:00:00,-1.0770115
2026-04-28 12:00:00,-0.47974476
2026-04-28 13:00:00,0.2962295
2026-04-28 14:00:00,0.93109745
2026-04-28 15:00:00,1.371476
2026-04-28 16:00:00,1.4633294
2026-04-28 17:00:00,1.1832292
2026-04-28 18:00:00,0.7098697
2026-04-28 19:00:00,-0.020795895
2026-04-28 20:00:00,-0.73965025
2026-04-28 21:00:00,-1.3577746
2026-04-28 22:00:00,-1.6910484
2026-04-28 23:00:00,-1.4910158
2026-04-29 00:00:00,-0.8217762
2026-04-29 01:00:00,-0.0022766492
2026-04-29 02:00:00,0.7934338
2026-04-29 03:00:00,1.309878
2026-04-29 04:00:00,1.6074538
2026-04-29 05:00:00,1.4905529
2026-04-29 06:00:00,1.0506235
2026-04-29 07:00:00,0.39785668
2026-04-29 08:00:00,-0.33927372
2026-04-29 09:00:00,-1.0330259
2026-04-29 10:00:00,-1.5247405
2026-04-29 11:00:00,-1.5436147
2026-04-29 12:00:00,-0.98571175
2026-04-29 13:00:00,-0.21293287
2026-04-29 14:00:00,0.5355649
2026-04-29 15:00:00,1.1388459
2026-04-29 16:00:00,1.4596584
2026-04-29 17:00:00,1.3551099
2026-04-29 18:00:00,0.9024663
2026-04-29 19:00:00,0.2923747
2026-04-29 20:00:00,-0.47260904
2026-04-29 21:00:00,-1.2315329
2026-04-29 22:00:00,-1.837261
2026-04-29 23:00:00,-1.9293234
2026-04-30 00:00:00,-1.330321
2026-04-30 01:00:00,-0.5031334
2026-04-30 02:00:00,0.36577368
2026-04-30 03:00:00,1.0951478
2026-04-30 04:00:00,1.6257489
2026-04-30 05:00:00,1.7449958
2026-04-30 06:00:00,1.4811991
2026-04-30 07:00:00,0.9478056
2026-04-30 08:00:00,0.18044132
2026-04-30 09:00:00,-0.5951501
2026-04-30 10:00:00,-1.2835068
2026-04-30 11:00:00,-1.6701412
2026-04-30 12:00:00,-1.4124784
2026-04-30 13:00:00,-0.65386087
2026-04-30 14:00:00,0.13973409
2026-04-30 15:00:00,0.83601797
2026-04-30 16:00:00,1.3027344
2026-04-30 17:00:00,1.4656287
2026-04-30 18:00:00,1.1696239
2026-04-30 19:00:00,0.66225755
2026-04-30 20:00:00,-0.034576952
2026-04-30 21:00:00,-0.7841267
2026-04-30 22:00:00,-1.4400254
2026-04-30 23:00:00,-1.8207577
2026-05-01 00:00:00,-1.7745353
